Sr. No.,Name of innovation,URL,City,Area of Origin,Street Address,Date established,Originator,Type of actor,Nuanced TOA,Size of Org,Size of the organization,Type of intervention,Scale of intervention,Area of intervention,Description of intervention,Year Established,Number of Children/Users,Number of countries ,Country of implementation 1,Country of implementation 2,Country of implementation 3,Country of implementation 4,Country of implementation 5,Country of implementation 6,Country of implementation 7,Country of implementation 8,Country of implementation 9,Country of implementation 10,Country of implementation 11,Country of implementation 12,Country of implementation 13,Country of implementation 14,Country of implementation 15,Country of implementation 16,Country of implementation 17,Country of implementation 18,Country of implementation 19,Country of implementation 20,Country of implementation 21,Country of implementation 22,Country of implementation 23,Country of implementation 24,Country of implementation 25,Country of implementation 26,Country of implementation 27,Country of implementation 28,Country of implementation 29,Country of implementation 30,Country of implementation 31,Country of implementation 32,Country of implementation 33,Country of implementation 34,Country of implementation 35,Country of implementation 36,Country of implementation 37,Country of implementation 38,Country of implementation 39,Country of implementation 40,Country of implementation 41,Country of implementation 42,Country of implementation 43,Country of implementation 44,Country of implementation 45,Country of implementation 46,Country of implementation 47,Country of implementation 48,Country of implementation 49,Country of implementation 50,Country of implementation 51,Country of implementation 52,Country of implementation 53,Country of implementation 54,Country of implementation 55,Country of implementation 56,Country of implementation 57,Country of implementation 58,Country of implementation 59,Country of implementation 60,Country of implementation 61,Country of implementation 62,Country of implementation 63,Country of implementation 64,Country of implementation 65,Country of implementation 66,Country of implementation 67,Country of implementation 68,Country of implementation 69,Country of implementation 70,Country of implementation 71,Country of implementation 72,Country of implementation 73,Country of implementation 74,Country of implementation 75,Country of implementation 76,Country of implementation 77,Country of implementation 78,Country of implementation 79,Country of implementation 80,Country of implementation 81,Country of implementation 82,Country of implementation 83,Country of implementation 84,Country of implementation 85,Country of implementation 86,Country of implementation 87,Country of implementation 88,Country of implementation 89,Country of implementation 90,Country of implementation 91,Country of implementation 92,Country of implementation 93,Country of implementation 94,Country of implementation 95,Country of implementation 96,Country of implementation 97,Country of implementation 98,Country of implementation 99,Country of implementation 100,Country of implementation 101,Country of implementation 102,Country of implementation 103,Country of implementation 104,Country of implementation 105,Country of implementation 106,Country of implementation 107,Country of implementation 108,Country of implementation 109,Country of implementation 110,Country of implementation 111,Country of implementation 112,Country of implementation 113,Country of implementation 114,Country of implementation 115,Country of implementation 116,Country of implementation 117,Country of implementation 118,Country of implementation 119,Country of implementation 120,Country of implementation 121,Country of implementation 122,Country of implementation 123,Country of implementation 124,Country of implementation 125,Country of implementation 126,Country of implementation 127,Country of implementation 128,Country of implementation 129,Country of implementation 130,Country of implementation 131,Country of implementation 132,Country of implementation 133,Country of implementation 134,Country of implementation 135,Country of implementation 136,Country of implementation 137,Country of implementation 138,Country of implementation 139
1,#Decarbonize Global Child Climate Program,decarbonize.org,Ottawa,Canada,"160 Elgin St, Ottawa, ON K2P 2P7",2015,TakingITGlobal,Non-Profit,NGO,50,Large,Education and Advocacy,Global,"Climate Action, Youth Engagement",A global program that engages youth in climate action and policy advocacy.,2014,10000,54,USA, Canada, Mexico, Brazil, Argentina, UK, Germany, France, Italy, Spain, Portugal, Netherlands, Belgium, Sweden, Norway, Denmark, Finland, Russia, China, India, Japan, South Korea, Australia, New Zealand, South Africa, Nigeria, Kenya, Uganda, Egypt, Morocco, Saudi Arabia, UAE, Israel, Turkey, Iran, Pakistan, Indonesia, Malaysia, Philippines, Thailand, Vietnam, Singapore, Myanmar, Bangladesh, Nepal, Sri Lanka, Kazakhstan, Ukraine, Poland, Hungary, Czech Republic, Austria, Switzerland, Greece.,,,,,,,,,,,,,,,,,,,,,,,,,,,,,,,,,,,,,,,,,,,,,,,,,,,,,,,,,,,,,,,,,,,,,,,,,,,,,,,,,,,,,
2,100cameras,100cameras.org,New York,USA,"79 Madison Ave, New York, NY 10016",2009,"Angela Bullock, Mallory Brown, Katie Hart",Non-Profit,Non-Profit,10,Medium,Photography and Storytelling Education,Global,"Photography, Empowerment, Education",Provides cameras and photography training to children in marginalized communities to empower them to tell their own stories.,2009,29200,17,USA, South Sudan, Uganda, Cuba, India, Thailand, Haiti, Mexico, Colombia, Peru, Kenya, Nigeria, Ghana, Philippines, Cambodia, Bolivia, Brazil,,,,,,,,,,,,,,,,,,,,,,,,,,,,,,,,,,,,,,,,,,,,,,,,,,,,,,,,,,,,,,,,,,,,,,,,,,,,,,,,,,,,,,,,,,,,,,,,,,,,,,,,,,,,,,,,,,,,,,,,,,
3,A Village Approach towards Girls Education,villageeducation.org,New Delhi,India,"55 Institutional Area, Lodhi Road, New Delhi 110003",2018,Educate Girls,Non-Profit,NGO,100,Medium,Community Engagement and Education,Local,"Girls' Education, Community Development",Focuses on improving girls' education in rural communities through a village-based approach.,2019,40000,1,Malawi,,,,,,,,,,,,,,,,,,,,,,,,,,,,,,,,,,,,,,,,,,,,,,,,,,,,,,,,,,,,,,,,,,,,,,,,,,,,,,,,,,,,,,,,,,,,,,,,,,,,,,,,,,,,,,,,,,,,,,,,,,,,,,,,,,,,,,,,,,
4,Aanaab,aanaab.com,Jeddah,Saudi Arabia,"Prince Sultan St, Jeddah 23433",2016,Areej Khajah,For-Profit,For-Profit,25,Large,Professional Development,Regional,"Professional Development, Education",An online platform offering professional development courses for educators in the Middle East.,2019,5000000,10,Saudi Arabia, UAE, Egypt, Jordan, Lebanon, Morocco, Tunisia, Oman, Bahrain, Kuwait,,,,,,,,,,,,,,,,,,,,,,,,,,,,,,,,,,,,,,,,,,,,,,,,,,,,,,,,,,,,,,,,,,,,,,,,,,,,,,,,,,,,,,,,,,,,,,,,,,,,,,,,,,,,,,,,,,,,,,,,,,,,,,,,,
5,ABCDE of Learner Needs,abcdelms.com,San Francisco,USA,"123 Market St, San Francisco, CA 94103",2020,AINS Inc.,For-Profit,For-Profit,50,Small,Student Well-being and Support,National,"Learner Needs, Education",Provides a comprehensive framework for identifying and addressing diverse learner needs in educational settings.,2007,9400,12,India, Bangladesh, Pakistan, Nepal, Sri Lanka, Bhutan, Maldives, Myanmar, Thailand, Indonesia, Malaysia, Philippines,,,,,,,,,,,,,,,,,,,,,,,,,,,,,,,,,,,,,,,,,,,,,,,,,,,,,,,,,,,,,,,,,,,,,,,,,,,,,,,,,,,,,,,,,,,,,,,,,,,,,,,,,,,,,,,,,,,,,,,,,,,,,,,
6,Accelerated Learning Recovery Program,alrprogram.org,Chicago,USA,"401 N Michigan Ave, Chicago, IL 60611",2019,Education Resource Strategies (ERS),Non-Profit,Non-Profit,100,Medium,Education Recovery,National,"Learning Recovery, Education",A program designed to help students catch up on learning loss due to disruptions such as the COVID-19 pandemic.,2022,5640,3,USA, Canada, UK,,,,,,,,,,,,,,,,,,,,,,,,,,,,,,,,,,,,,,,,,,,,,,,,,,,,,,,,,,,,,,,,,,,,,,,,,,,,,,,,,,,,,,,,,,,,,,,,,,,,,,,,,,,,,,,,,,,,,,,,,,,,,,,,,,,,,,,,
7,ACE Radio School,aceradioschool.org,Accra,Ghana,"10 Ring Road, Accra, Ghana",2014,ACE Africa,Non-Profit,NGO,50,Small,Radio-based Education,National,"Remote Education, Radio",Provides educational content via radio to children in remote areas with limited access to traditional schooling.,2020,1180,1,Nigeria,,,,,,,,,,,,,,,,,,,,,,,,,,,,,,,,,,,,,,,,,,,,,,,,,,,,,,,,,,,,,,,,,,,,,,,,,,,,,,,,,,,,,,,,,,,,,,,,,,,,,,,,,,,,,,,,,,,,,,,,,,,,,,,,,,,,,,,,,,
8,acSELerate,acselerate.com,Melbourne,Australia,"123 Collins St, Melbourne VIC 3000",2018,CASEL,Non-Profit,NGO,75,Medium,Social-Emotional Learning,Global,"Social-Emotional Learning, Education",A digital platform that supports social-emotional learning (SEL) for students.,2016,280000,2,USA, Canada,,,,,,,,,,,,,,,,,,,,,,,,,,,,,,,,,,,,,,,,,,,,,,,,,,,,,,,,,,,,,,,,,,,,,,,,,,,,,,,,,,,,,,,,,,,,,,,,,,,,,,,,,,,,,,,,,,,,,,,,,,,,,,,,,,,,,,,,,
9,Afrogiveness Movement,afrogiveness.org,Lagos,Nigeria,"15a Awolowo Road, Ikoyi, Lagos, Nigeria",2017,Nompumelelo Nkosi,Non-Profit,Social Enterprise,15,Small,Forgiveness Education,Regional,"Healing, Community Building, Storytelling",Promotes forgiveness and healing within African communities through storytelling and dialogue.,2018,2000,1,Nigeria,,,,,,,,,,,,,,,,,,,,,,,,,,,,,,,,,,,,,,,,,,,,,,,,,,,,,,,,,,,,,,,,,,,,,,,,,,,,,,,,,,,,,,,,,,,,,,,,,,,,,,,,,,,,,,,,,,,,,,,,,,,,,,,,,,,,,,,,,,
10,Alpha Tiles,alphatiles.com,Helsinki,Finland,"10 Mannerheimintie, Helsinki 00100",2019,AlphaTiles Team,For-Profit,For-Profit,10,Medium,Literacy Education,Global,"Literacy, Educational Technology",A mobile app that helps children learn to read using phonics-based games and activities.,2020,1000,19,USA, Canada, UK, Australia, New Zealand, South Africa, India, Pakistan, Bangladesh, Nigeria, Kenya, Uganda, Ghana, Egypt, UAE, Saudi Arabia, Brazil, Argentina, Mexico,,,,,,,,,,,,,,,,,,,,,,,,,,,,,,,,,,,,,,,,,,,,,,,,,,,,,,,,,,,,,,,,,,,,,,,,,,,,,,,,,,,,,,,,,,,,,,,,,,,,,,,,,,,,,,,,,,,,,,,,
11,Annie Advisor,annieadvisor.com,San Francisco,USA,"456 Market St, San Francisco, CA 94104",2015,Melissa Spiegelman,For-Profit,For-Profit,10,Medium,Education Technology,Global,"Career Guidance, Education Technology",A digital tool that helps students navigate their educational and career paths through personalized advice.,2020,40000,3,USA, Canada, UK,,,,,,,,,,,,,,,,,,,,,,,,,,,,,,,,,,,,,,,,,,,,,,,,,,,,,,,,,,,,,,,,,,,,,,,,,,,,,,,,,,,,,,,,,,,,,,,,,,,,,,,,,,,,,,,,,,,,,,,,,,,,,,,,,,,,,,,,
12,Anseye Pou Ayiti (APA),apayiti.org,Port-au-Prince,Haiti,"5 Rue Pan Americaine, Port-au-Prince, Haiti",2019,Nedgine Paul Deroly,Non-Profit,NGO,25,Medium,Teacher Training,National,"Teacher Training, Education",Aims to improve educational outcomes in Haiti by recruiting and training local teachers.,2014,11000,1,Haiti,,,,,,,,,,,,,,,,,,,,,,,,,,,,,,,,,,,,,,,,,,,,,,,,,,,,,,,,,,,,,,,,,,,,,,,,,,,,,,,,,,,,,,,,,,,,,,,,,,,,,,,,,,,,,,,,,,,,,,,,,,,,,,,,,,,,,,,,,,
13,APPLE Schools,appleschools.ca,Edmonton,Canada,"12345 105 Ave NW, Edmonton, AB T5H 0R9",2012,APPLE Schools Foundation,Non-Profit,Foundation,50,Large,Health Promotion,Regional,"Health Education, Schools","Promotes healthy living among students in Alberta, Canada, through school-based health initiatives.",2007,10000,1,Canada,,,,,,,,,,,,,,,,,,,,,,,,,,,,,,,,,,,,,,,,,,,,,,,,,,,,,,,,,,,,,,,,,,,,,,,,,,,,,,,,,,,,,,,,,,,,,,,,,,,,,,,,,,,,,,,,,,,,,,,,,,,,,,,,,,,,,,,,,,
14,Being a Proactive Teacher in Formative Assessment,formativeassessment.org,Sydney,Australia,"789 George St, Sydney NSW 2000",2017,Educational Testing Service (ETS),Non-Profit,Non-Profit,200,Medium,Professional Development,National,"Teacher Training, Formative Assessment",Provides training and resources for teachers to effectively implement formative assessment in their classrooms.,2018,15000,1,USA,,,,,,,,,,,,,,,,,,,,,,,,,,,,,,,,,,,,,,,,,,,,,,,,,,,,,,,,,,,,,,,,,,,,,,,,,,,,,,,,,,,,,,,,,,,,,,,,,,,,,,,,,,,,,,,,,,,,,,,,,,,,,,,,,,,,,,,,,,
15,Bloom,bloom.org,London,UK,"22 Bloomsbury Square, London WC1A 2NS",2014,Bloom Team,Social Enterprise,Social Enterprise,25,Medium,Social-Emotional Learning,National,"Mental Health, Education",A program designed to support mental health and well-being in schools through mindfulness and social-emotional learning.,2012,4500000,139,USA, Canada, Mexico, Brazil, Argentina, Chile, UK, Germany, France, Italy, Spain, Portugal, Netherlands, Belgium, Sweden, Norway, Denmark, Finland, Russia, China, India, Japan, South Korea, Australia, New Zealand, South Africa, Nigeria, Kenya, Uganda, Egypt, Morocco, Saudi Arabia, UAE, Israel, Turkey, Iran, Pakistan, Indonesia, Malaysia, Philippines, Thailand, Vietnam, Singapore, Myanmar, Bangladesh, Nepal, Sri Lanka, Kazakhstan, Ukraine, Poland, Hungary, Czech Republic, Austria, Switzerland, Greece, Ireland, Scotland, Wales, Northern Ireland, Iceland, Greenland, Luxembourg, Monaco, Malta, Cyprus, Estonia, Latvia, Lithuania, Belarus, Slovakia, Slovenia, Croatia, Bosnia and Herzegovina, Serbia, Montenegro, Albania, Macedonia, Bulgaria, Romania, Moldova, Georgia, Armenia, Azerbaijan, Uzbekistan, Turkmenistan, Kyrgyzstan, Tajikistan, Afghanistan, Iraq, Syria, Lebanon, Jordan, Palestine, Qatar, Kuwait, Bahrain, Yemen, Oman, Libya, Sudan, South Sudan, Ethiopia, Eritrea, Djibouti, Somalia, Tanzania, Zambia, Zimbabwe, Botswana, Namibia, Angola, Mozambique, Madagascar, Comoros, Seychelles, Mauritius, Malawi, Rwanda, Burundi, DR Congo, Republic of Congo, Gabon, Equatorial Guinea, Central African Republic, Chad, Niger, Mali, Mauritania, Senegal, Gambia, Guinea-Bissau, Guinea, Sierra Leone, Liberia, Ivory Coast, Burkina Faso, Ghana, Togo, Benin.
16,TAW Academy,tawacademy.com,Lagos,Nigeria,"10 Olowu St, Ikeja, Lagos, Nigeria",2018,TAW Academy Team,Social Enterprise,Social Enterprise,15,Medium,Vocational Training,Local,"Vocational Training, Youth Empowerment",Offers vocational training and education to underserved youth in a specific community.,2018,17000,1,Kenya,,,,,,,,,,,,,,,,,,,,,,,,,,,,,,,,,,,,,,,,,,,,,,,,,,,,,,,,,,,,,,,,,,,,,,,,,,,,,,,,,,,,,,,,,,,,,,,,,,,,,,,,,,,,,,,,,,,,,,,,,,,,,,,,,,,,,,,,,,
17,Building Blocks (BB) The Maths Learning App,buildingblocks.app,Bangalore,India,"1 MG Road, Bangalore 560001",2016,BB Team,For-Profit,For-Profit,10,Medium,Education Technology,Global,"Mathematics, Educational Technology",A mobile app that makes learning math fun and engaging through interactive games and activities.,2019,1000000,1,Global,,,,,,,,,,,,,,,,,,,,,,,,,,,,,,,,,,,,,,,,,,,,,,,,,,,,,,,,,,,,,,,,,,,,,,,,,,,,,,,,,,,,,,,,,,,,,,,,,,,,,,,,,,,,,,,,,,,,,,,,,,,,,,,,,,,,,,,,,,
18,Canopy Nepal,canopynepal.com,Kathmandu,Nepal,"Thamel Marg, Kathmandu 44600",2016,Canopy Nepal Team,Non-Profit,NGO,20,Small,Education Equity,National,"Education, Youth Leadership",Focuses on providing quality education and fostering leadership skills among Nepalese youth.,2016,13500,5,Nepal, India, Bhutan, Bangladesh, Myanmar,,,,,,,,,,,,,,,,,,,,,,,,,,,,,,,,,,,,,,,,,,,,,,,,,,,,,,,,,,,,,,,,,,,,,,,,,,,,,,,,,,,,,,,,,,,,,,,,,,,,,,,,,,,,,,,,,,,,,,,,,,,,,,,,,,,,,,
19,Career Quest: Gamified experience of career decisionmaking,careerquest.com,Austin,USA,"600 Congress Ave, Austin, TX 78701",2018,Education Design Lab,Non-Profit,Non-Profit,30,Medium,Career Guidance,Global,"Career Guidance, Gamification",A gamified platform that helps students explore and make informed career choices.,2022,1360,1,Global,,,,,,,,,,,,,,,,,,,,,,,,,,,,,,,,,,,,,,,,,,,,,,,,,,,,,,,,,,,,,,,,,,,,,,,,,,,,,,,,,,,,,,,,,,,,,,,,,,,,,,,,,,,,,,,,,,,,,,,,,,,,,,,,,,,,,,,,,,
20,CatnClever,catnclever.com,Berlin,Germany,"123 KurfÃ¼rstendamm, Berlin 10707",2017,Tobias Urban,For-Profit,For-Profit,10,Medium,Literacy Education,Global,"Personalized Learning, Educational Technology",A digital platform that offers personalized learning experiences for children through interactive stories and games.,2021,140000,6,Germany, Austria, Switzerland, UK, USA, Canada,,,,,,,,,,,,,,,,,,,,,,,,,,,,,,,,,,,,,,,,,,,,,,,,,,,,,,,,,,,,,,,,,,,,,,,,,,,,,,,,,,,,,,,,,,,,,,,,,,,,,,,,,,,,,,,,,,,,,,,,,,,,,,,,,,,,,
21,Center for Advanced Professional Studies (CAPS) Network,capsnetwork.com,Overland Park,USA,"7501 W 149th Terrace, Overland Park, KS 66223",2009,Blue Valley School District,Non-Profit,Educational Institution,150,Large,Professional Development and Career Preparation,National,"Career Education, Professional Development","Provides high school students with immersive, hands-on professional experiences in various industries.",2015,53000,6,USA, Canada, Australia, New Zealand, UK, Germany,,,,,,,,,,,,,,,,,,,,,,,,,,,,,,,,,,,,,,,,,,,,,,,,,,,,,,,,,,,,,,,,,,,,,,,,,,,,,,,,,,,,,,,,,,,,,,,,,,,,,,,,,,,,,,,,,,,,,,,,,,,,,,,,,,,,,
22,Chalkboard Guides,chalkboardguides.com,Boston,USA,"101 Huntington Ave, Boston, MA 02199",2015,Chalkboard Education,For-Profit,For-Profit,30,Small,Education Support Services,Global,"Teacher Resources, Education",Creates digital guides and resources for teachers to improve classroom instruction and management.,2021,1800,2,USA, Canada,,,,,,,,,,,,,,,,,,,,,,,,,,,,,,,,,,,,,,,,,,,,,,,,,,,,,,,,,,,,,,,,,,,,,,,,,,,,,,,,,,,,,,,,,,,,,,,,,,,,,,,,,,,,,,,,,,,,,,,,,,,,,,,,,,,,,,,,,
23,Closegap,closegap.org,San Francisco,USA,"415 Market St, San Francisco, CA 94105",2019,Rachel Carlson,Non-Profit,Non-Profit,10,Medium,Mental Health and Well-being,Global,"Mental Health, Child Well-being",A digital platform that helps schools and caregivers support the mental health and emotional well-being of children.,2019,2000000,25,USA, Canada, UK, Australia, New Zealand, South Africa, India, Pakistan, Bangladesh, Nigeria, Kenya, Uganda, Ghana, Egypt, UAE, Saudi Arabia, Brazil, Argentina, Mexico, Chile, Colombia, Peru, Spain, Portugal, France,,,,,,,,,,,,,,,,,,,,,,,,,,,,,,,,,,,,,,,,,,,,,,,,,,,,,,,,,,,,,,,,,,,,,,,,,,,,,,,,,,,,,,,,,,,,,,,,,,,,,,,,,,,,,,,,,,
24,Code Mitra,codemitra.com,Bangalore,India,"99 Residency Road, Bangalore 560025",2018,Code Mitra Team,For-Profit,Social Enterprise,20,Medium,Coding and STEM Education,Regional,"Coding Education, Rural Development",Provides coding education to students in rural India to prepare them for future job opportunities.,2021,325000,1,India,,,,,,,,,,,,,,,,,,,,,,,,,,,,,,,,,,,,,,,,,,,,,,,,,,,,,,,,,,,,,,,,,,,,,,,,,,,,,,,,,,,,,,,,,,,,,,,,,,,,,,,,,,,,,,,,,,,,,,,,,,,,,,,,,,,,,,,,,,
25,Compass Education The Sustainability Compass,compasseducation.org,Bangkok,Thailand,"22 Wireless Rd, Bangkok 10330",2015,Compass Education,Non-Profit,NGO,15,Medium,Sustainability Education,Global,"Sustainability, Education",Offers tools and frameworks to integrate sustainability into education and organizational practices.,2010,85000,137,USA, Canada, Mexico, Brazil, Argentina, Chile, UK, Germany, France, Italy, Spain, Portugal, Netherlands, Belgium, Sweden, Norway, Denmark, Finland, Russia, China, India, Japan, South Korea, Australia, New Zealand, South Africa, Nigeria, Kenya, Uganda, Egypt, Morocco, Saudi Arabia, UAE, Israel, Turkey, Iran, Pakistan, Indonesia, Malaysia, Philippines, Thailand, Vietnam, Singapore, Myanmar, Bangladesh, Nepal, Sri Lanka, Kazakhstan, Ukraine, Poland, Hungary, Czech Republic, Austria, Switzerland, Greece, Ireland, Scotland, Wales, Northern Ireland, Luxembourg, Monaco, Malta, Cyprus, Estonia, Latvia, Lithuania, Belarus, Slovakia, Slovenia, Croatia, Bosnia and Herzegovina, Serbia, Montenegro, Albania, Macedonia, Bulgaria, Romania, Moldova, Georgia, Armenia, Azerbaijan, Uzbekistan, Turkmenistan, Kyrgyzstan, Tajikistan, Afghanistan, Iraq, Syria, Lebanon, Jordan, Palestine, Qatar, Kuwait, Bahrain, Yemen, Oman, Libya, Sudan, South Sudan, Ethiopia, Eritrea, Djibouti, Somalia, Tanzania, Zambia, Zimbabwe, Botswana, Namibia, Angola, Mozambique, Madagascar, Comoros, Seychelles, Mauritius, Malawi, Rwanda, Burundi, DR Congo, Republic of Congo, Gabon, Equatorial Guinea, Central African Republic, Chad, Niger, Mali, Mauritania, Senegal, Gambia, Guinea-Bissau, Guinea, Sierra Leone, Liberia, Ivory Coast, Burkina Faso, Ghana, Togo, Benin.,,
26,CoolThink@JC Computational Thinking Education for All,coolthink.hk,Hong Kong,China,"99 Queensway, Hong Kong",2017,The Hong Kong Jockey Club Charities Trust,Non-Profit,Foundation,50,Large,Computational Thinking,Regional,"Computational Thinking, Education",Aims to develop computational thinking skills among students in Hong Kong through innovative curriculum and teacher training.,2016,110000,8,Hong Kong, China, Taiwan, Singapore, Malaysia, Thailand, Philippines, Vietnam,,,,,,,,,,,,,,,,,,,,,,,,,,,,,,,,,,,,,,,,,,,,,,,,,,,,,,,,,,,,,,,,,,,,,,,,,,,,,,,,,,,,,,,,,,,,,,,,,,,,,,,,,,,,,,,,,,,,,,,,,,,,,,,,,,,
27,Anthill,anthill.com,Cape Town,South Africa,"100 Buitengracht St, Cape Town 8001",2016,Anthill Foundation,Non-Profit,Foundation,10,Small,Social Enterprise,Global,"Collaborative Learning, Project-based Education",Provides a platform for collaborative learning and project-based education.,2017,200000,1,Global,,,,,,,,,,,,,,,,,,,,,,,,,,,,,,,,,,,,,,,,,,,,,,,,,,,,,,,,,,,,,,,,,,,,,,,,,,,,,,,,,,,,,,,,,,,,,,,,,,,,,,,,,,,,,,,,,,,,,,,,,,,,,,,,,,,,,,,,,,
28,Democratizing Governance of Public Schools,demogovschools.org,Mexico City,Mexico,"15 Reforma Avenue, Mexico City 06500",2018,Democratizing Education Network,Non-Profit,NGO,25,Medium,Governance and Policy,National,"Education Governance, Community Involvement",Focuses on increasing transparency and community involvement in the governance of public schools.,2017,400000,1,South Africa,,,,,,,,,,,,,,,,,,,,,,,,,,,,,,,,,,,,,,,,,,,,,,,,,,,,,,,,,,,,,,,,,,,,,,,,,,,,,,,,,,,,,,,,,,,,,,,,,,,,,,,,,,,,,,,,,,,,,,,,,,,,,,,,,,,,,,,,,,
29,Destination Imagination,destinationimagination.org,Cherry Hill,USA,"1120 Route 73, Cherry Hill, NJ 08002",2012,Destination Imagination Inc.,Non-Profit,Non-Profit,100,Large,Creativity and Innovation,Global,"Creativity, Problem-solving, Education","Offers programs that teach students creativity, collaboration, and problem-solving skills through project-based challenges.",1999,150000,31,USA, Canada, Mexico, Brazil, Argentina, UK, Germany, France, Italy, Spain, Portugal, Netherlands, Belgium, Sweden, Norway, Denmark, Finland, China, India, Japan, South Korea, Australia, New Zealand, South Africa, Saudi Arabia, UAE, Turkey, Pakistan, Thailand, Singapore, Malaysia,,,,,,,,,,,,,,,,,,,,,,,,,,,,,,,,,,,,,,,,,,,,,,,,,,,,,,,,,,,,,,,,,,,,,,,,,,,,,,,,,,,,,,,,,,,,,,,,,,,,,,,,,,,,
30,Educate Girls,educategirls.ngo,Mumbai,India,"45 Parel Rd, Mumbai 400012",2007,Safeena Husain,Non-Profit,NGO,100,Large,Girls' Education,National,"Girls' Education, Community Mobilization",Works to improve girls' education in rural India by mobilizing communities and addressing barriers to education.,2007,18600000,1,India,,,,,,,,,,,,,,,,,,,,,,,,,,,,,,,,,,,,,,,,,,,,,,,,,,,,,,,,,,,,,,,,,,,,,,,,,,,,,,,,,,,,,,,,,,,,,,,,,,,,,,,,,,,,,,,,,,,,,,,,,,,,,,,,,,,,,,,,,,
31,Educating for Wellbeing (EW),educatingforwellbeing.org,Buenos Aires,Argentina,"123 Av. Libertador, Buenos Aires C1001",2013,AtentaMente,Non-Profit,NGO,20,Medium,Well-being Education,Global,"Well-being, Mental Health, Education",Focuses on promoting well-being and mental health in educational settings through comprehensive programs and practices.,2018,429000,1,Global,,,,,,,,,,,,,,,,,,,,,,,,,,,,,,,,,,,,,,,,,,,,,,,,,,,,,,,,,,,,,,,,,,,,,,,,,,,,,,,,,,,,,,,,,,,,,,,,,,,,,,,,,,,,,,,,,,,,,,,,,,,,,,,,,,,,,,,,,,
32,Education for Sharing,educationforsharing.org,Mexico City,Mexico,"200 Insurgentes Sur, Mexico City 06700",2012,Dina Buchbinder,Non-Profit,NGO,30,Large,Civic Education,Global,"Civic Education, Experiential Learning","Uses play and experiential learning to teach children and youth about civic engagement, empathy, and global citizenship.",2007,1760000,13,Mexico, USA, Argentina, Brazil, Colombia, Peru, Guatemala, Chile, Uruguay, Paraguay, Bolivia, Ecuador, Dominican Republic,,,,,,,,,,,,,,,,,,,,,,,,,,,,,,,,,,,,,,,,,,,,,,,,,,,,,,,,,,,,,,,,,,,,,,,,,,,,,,,,,,,,,,,,,,,,,,,,,,,,,,,,,,,,,,,,,,,,,,,,,,,,,,
33,Edumoción,edumocion.org,Madrid,Spain,"55 Gran Via, Madrid 28013",2017,EdumociÃ³n Team,Non-Profit,NGO,10,Small,Emotional Education,Regional,"Emotional Education, Social-Emotional Learning",Aims to integrate emotional education into the curriculum to foster social-emotional skills in students.,2021,15000,12,Spain, Mexico, Argentina, Chile, Colombia, Peru, Uruguay, Paraguay, Brazil, Ecuador, Bolivia, Venezuela,,,,,,,,,,,,,,,,,,,,,,,,,,,,,,,,,,,,,,,,,,,,,,,,,,,,,,,,,,,,,,,,,,,,,,,,,,,,,,,,,,,,,,,,,,,,,,,,,,,,,,,,,,,,,,,,,,,,,,,,,,,,,,,
34,Eduten,eduten.com,Turku,Finland,"1 Yliopistonkatu, Turku 20500",2012,Eduten Ltd.,For-Profit,For-Profit,50,Medium,Education Technology,Global,"Mathematics, Educational Technology",A digital platform that provides gamified math exercises to enhance student engagement and learning outcomes.,2012,1500000,133,Finland, USA, UK, Australia, New Zealand, Canada, India, China, Japan, South Korea, Germany, France, Italy, Spain, Netherlands, Belgium, Sweden, Norway, Denmark, Russia, Brazil, Mexico, Argentina, Chile, Colombia, Peru, South Africa, Nigeria, Kenya, Egypt, UAE, Saudi Arabia, Turkey, Pakistan, Indonesia, Malaysia, Philippines, Thailand, Vietnam, Singapore, Myanmar, Bangladesh, Nepal, Sri Lanka, Ireland, Scotland, Wales, Northern Ireland, Poland, Hungary, Czech Republic, Austria, Switzerland, Greece, Portugal, Luxembourg, Monaco, Malta, Cyprus, Estonia, Latvia, Lithuania, Belarus, Slovakia, Slovenia, Croatia, Bosnia and Herzegovina, Serbia, Montenegro, Albania, Macedonia, Bulgaria, Romania, Moldova, Georgia, Armenia, Azerbaijan, Uzbekistan, Turkmenistan, Kyrgyzstan, Tajikistan, Afghanistan, Iraq, Syria, Lebanon, Jordan, Palestine, Qatar, Kuwait, Bahrain, Yemen, Oman, Libya, Sudan, South Sudan, Ethiopia, Eritrea, Djibouti, Somalia, Tanzania, Zambia, Zimbabwe, Botswana, Namibia, Angola, Mozambique, Madagascar, Comoros, Seychelles, Mauritius, Malawi, Rwanda, Burundi, DR Congo, Republic of Congo, Gabon, Equatorial Guinea, Central African Republic, Chad, Niger, Mali, Mauritania, Senegal, Gambia, Guinea-Bissau, Guinea, Sierra Leone, Liberia, Ivory Coast, Burkina Faso, Ghana, Togo, Benin.,,,,,,
35,EIDU,eidu.com,Berlin,Germany,"234 Friedrichstrasse, Berlin 10117",2015,Tobias Steed,For-Profit,For-Profit,25,Medium,Education Technology,Global,"Early Childhood Education, EdTech",Develops mobile apps to deliver quality early childhood education to children in low-income countries.,2015,220000,2,Kenya, Tanzania,,,,,,,,,,,,,,,,,,,,,,,,,,,,,,,,,,,,,,,,,,,,,,,,,,,,,,,,,,,,,,,,,,,,,,,,,,,,,,,,,,,,,,,,,,,,,,,,,,,,,,,,,,,,,,,,,,,,,,,,,,,,,,,,,,,,,,,,,
36,EKUI (Learning Methodology),ekui.in,Porto,Portugal,"88 Avenida da Boavista, Porto 4050-115",2016,EKUI Team,For-Profit,Social Enterprise,20,Small,Inclusive Education,Regional,"Inclusive Education, Learning Methodology","Offers an inclusive learning methodology that incorporates sign language, Braille, and visual aids to support diverse learners.",2003,600000,11,India, Brazil, Portugal, Mozambique, Angola, Cape Verde, Guinea-Bissau, East Timor, Sao Tome and Principe, Macao, Goa,,,,,,,,,,,,,,,,,,,,,,,,,,,,,,,,,,,,,,,,,,,,,,,,,,,,,,,,,,,,,,,,,,,,,,,,,,,,,,,,,,,,,,,,,,,,,,,,,,,,,,,,,,,,,,,,,,,,,,,,,,,,,,,,
37,Enterprise Adventure,enterpriseadventure.org,London,UK,"33 King St, London EC2V 8AU",2018,Teach A Man To Fish,Non-Profit,NGO,15,Medium,Entrepreneurship Education,Global,"Entrepreneurship, Youth Empowerment",Provides an online platform for young people to develop entrepreneurial skills through interactive challenges and mentorship.,2020,1500,1,Global,,,,,,,,,,,,,,,,,,,,,,,,,,,,,,,,,,,,,,,,,,,,,,,,,,,,,,,,,,,,,,,,,,,,,,,,,,,,,,,,,,,,,,,,,,,,,,,,,,,,,,,,,,,,,,,,,,,,,,,,,,,,,,,,,,,,,,,,,,
38,Faces Up Uganda,facesupuganda.org,Kampala,Uganda,"12 Kampala Rd, Kampala 256",2015,Faces Up Uganda Team,Non-Profit,NGO,10,Small,Arts Education,National,"Mental Health, Community Awareness",Works to improve mental health awareness and support in Ugandan schools and communities.,2016,6000,1,Uganda,,,,,,,,,,,,,,,,,,,,,,,,,,,,,,,,,,,,,,,,,,,,,,,,,,,,,,,,,,,,,,,,,,,,,,,,,,,,,,,,,,,,,,,,,,,,,,,,,,,,,,,,,,,,,,,,,,,,,,,,,,,,,,,,,,,,,,,,,,
39,Farmpreneur,farmpreneur.org,Nairobi,Kenya,"78 Moi Ave, Nairobi 00100",2016,Farmpreneur Team,Non-Profit,NGO,15,Medium,Agricultural Education,Regional,"Agricultural Education, Entrepreneurship",Teaches agricultural entrepreneurship to young people in rural areas to promote sustainable farming practices.,2012,90000,1,Nigeria,,,,,,,,,,,,,,,,,,,,,,,,,,,,,,,,,,,,,,,,,,,,,,,,,,,,,,,,,,,,,,,,,,,,,,,,,,,,,,,,,,,,,,,,,,,,,,,,,,,,,,,,,,,,,,,,,,,,,,,,,,,,,,,,,,,,,,,,,,
40,Fundación Fútbol Más,futbolmas.org,Santiago,Chile,"9 Providencia Ave, Santiago 7500000",2008,FundaciÃ³n FÃºtbol MÃ¡s Team,Non-Profit,Foundation,30,Large,Sports and Life Skills Education,Regional,"Sports Education, Social Inclusion","Uses soccer as a tool to promote social inclusion, teamwork, and life skills among children and youth in Latin America.",2007,26000,9,Chile, Argentina, Ecuador, Peru, Mexico, Brazil, Paraguay, Uruguay, Colombia,,,,,,,,,,,,,,,,,,,,,,,,,,,,,,,,,,,,,,,,,,,,,,,,,,,,,,,,,,,,,,,,,,,,,,,,,,,,,,,,,,,,,,,,,,,,,,,,,,,,,,,,,,,,,,,,,,,,,,,,,,,,,,,,,,
41,Girl Rising,girlrising.org,New York,USA,"145 E 57th St, New York, NY 10022",2013,Girl Rising Team,Non-Profit,Non-Profit,25,Large,Girls' Education,Global,"Girls' Education, Storytelling",Focuses on changing the way the world values girls through storytelling and education to support girls' empowerment.,2013,500000,1,Global,,,,,,,,,,,,,,,,,,,,,,,,,,,,,,,,,,,,,,,,,,,,,,,,,,,,,,,,,,,,,,,,,,,,,,,,,,,,,,,,,,,,,,,,,,,,,,,,,,,,,,,,,,,,,,,,,,,,,,,,,,,,,,,,,,,,,,,,,,
42,Gleding childhood for life,gleding.org,Reykjavik,Iceland,"12 Laugavegur, Reykjavik 101",2015,Gleding Team,Non-Profit,NGO,10,Medium,Early Childhood Education,Regional,"Holistic Education, Child Development","Provides holistic education programs that support the physical, emotional, and cognitive development of children.",2016,50000,2,Nigeria, Ghana,,,,,,,,,,,,,,,,,,,,,,,,,,,,,,,,,,,,,,,,,,,,,,,,,,,,,,,,,,,,,,,,,,,,,,,,,,,,,,,,,,,,,,,,,,,,,,,,,,,,,,,,,,,,,,,,,,,,,,,,,,,,,,,,,,,,,,,,,
43,Global Schools Program,globalschoolsprogram.org,New York,USA,"405 Lexington Ave, New York, NY 10174",2019,United Nations Sustainable Development Solutions Network (SDSN),Non-Profit,International Organization,100,Large,Global Citizenship Education,Global,"Sustainable Development, Education",Aims to integrate the Sustainable Development Goals (SDGs) into school curriculums worldwide.,2018,276000,1,Global,,,,,,,,,,,,,,,,,,,,,,,,,,,,,,,,,,,,,,,,,,,,,,,,,,,,,,,,,,,,,,,,,,,,,,,,,,,,,,,,,,,,,,,,,,,,,,,,,,,,,,,,,,,,,,,,,,,,,,,,,,,,,,,,,,,,,,,,,,
44,Grassroot Soccer: SKILLZ Core,grassrootsoccer.org,Cape Town,South Africa,"25 Adderley St, Cape Town 8001",2012,Grassroot Soccer Team,Non-Profit,NGO,50,Large,Sports-based Health Education,Global,"Health Education, Youth Empowerment",Uses soccer-based activities to educate and empower young people to live healthier lives and become leaders in their communities.,2009,600000,39,South Africa, Zimbabwe, Zambia, Kenya, Nigeria, Tanzania, Malawi, Mozambique, Namibia, Botswana, Lesotho, Eswatini, Uganda, Rwanda, Burundi, DR Congo, Republic of Congo, Ethiopia, Somalia, Sudan, South Sudan, Egypt, Morocco, Ghana, Sierra Leone, Liberia, Ivory Coast, Burkina Faso, Senegal, Mali, Mauritania, Chad, Niger, Togo, Benin, Gambia, Guinea-Bissau, Guinea, Central African Republic,,,,,,,,,,,,,,,,,,,,,,,,,,,,,,,,,,,,,,,,,,,,,,,,,,,,,,,,,,,,,,,,,,,,,,,,,,,,,,,,,,,,,,,,,,,,,,,,,,,,
45,Habaybna.net,habaybna.net,Amman,Jordan,"20 Zahran St, Amman 11183",2017,Maha AlQattan,Non-Profit,NGO,15,Small,Inclusive Education,Regional,"Disability Support, Family Resources",An online platform that provides resources and support for families of children with disabilities in the Arab world.,2017,514000,8,Jordan, Lebanon, Egypt, UAE, Saudi Arabia, Kuwait, Bahrain, Oman,,,,,,,,,,,,,,,,,,,,,,,,,,,,,,,,,,,,,,,,,,,,,,,,,,,,,,,,,,,,,,,,,,,,,,,,,,,,,,,,,,,,,,,,,,,,,,,,,,,,,,,,,,,,,,,,,,,,,,,,,,,,,,,,,,,
46,Habilidades para el futuro,habilidadesparaelfuturo.org,Bogota,Colombia,"67 Calle 100, Bogota 110221",2018,Save the Children,Non-Profit,NGO,100,Medium,Life Skills Education,Regional,"Skills Development, Youth Education","Offers programs to develop future-ready skills in young people, focusing on critical thinking, creativity, and collaboration.",2021,14700,15,Mexico, Argentina, Chile, Colombia, Peru, Uruguay, Paraguay, Bolivia, Ecuador, Brazil, Guatemala, Honduras, El Salvador, Nicaragua, Costa Rica,,,,,,,,,,,,,,,,,,,,,,,,,,,,,,,,,,,,,,,,,,,,,,,,,,,,,,,,,,,,,,,,,,,,,,,,,,,,,,,,,,,,,,,,,,,,,,,,,,,,,,,,,,,,,,,,,,,,,,,,,,,,
47,Home as a learning space,homelearning.org,Tokyo,Japan,"123 Shibuya, Tokyo 150-0002",2020,"Ministry of Education, Japan",Government,Government,200,Small,Home-based Education,Global,"Home Education, Alternative Learning","Promotes the use of home environments as effective learning spaces, particularly during times when traditional schooling is disrupted.",2021,30000,1,Global,,,,,,,,,,,,,,,,,,,,,,,,,,,,,,,,,,,,,,,,,,,,,,,,,,,,,,,,,,,,,,,,,,,,,,,,,,,,,,,,,,,,,,,,,,,,,,,,,,,,,,,,,,,,,,,,,,,,,,,,,,,,,,,,,,,,,,,,,,
48,imagi,imagi.io,Stockholm,Sweden,"55 SveavÃ¤gen, Stockholm 11359",2018,imagiLabs,For-Profit,Social Enterprise,20,Medium,Coding and STEM Education,Global,"Coding Education, Gender Empowerment",Aims to inspire and educate young women in coding and technology through engaging and creative learning tools.,2019,50000,31,USA, Canada, Mexico, Brazil, Argentina, UK, Germany, France, Italy, Spain, Portugal, Netherlands, Belgium, Sweden, Norway, Denmark, Finland, Russia, China, India, Japan, South Korea, Australia, New Zealand, South Africa, Nigeria, Kenya, Egypt, UAE, Saudi Arabia, Turkey,,,,,,,,,,,,,,,,,,,,,,,,,,,,,,,,,,,,,,,,,,,,,,,,,,,,,,,,,,,,,,,,,,,,,,,,,,,,,,,,,,,,,,,,,,,,,,,,,,,,,,,,,,,,
49,Imagine Worldwide,imagineworldwide.org,San Francisco,USA,"789 Howard St, San Francisco, CA 94103",2019,Joe Wolf,Non-Profit,NGO,15,Medium,Education Technology,Global,"Literacy, Numeracy, EdTech","Provides scalable, evidence-based education technology solutions to improve literacy and numeracy in underserved communities.",2017,300000,7,Malawi, Mozambique, Tanzania, Zambia, Kenya, Uganda, Rwanda,,,,,,,,,,,,,,,,,,,,,,,,,,,,,,,,,,,,,,,,,,,,,,,,,,,,,,,,,,,,,,,,,,,,,,,,,,,,,,,,,,,,,,,,,,,,,,,,,,,,,,,,,,,,,,,,,,,,,,,,,,,,,,,,,,,,
50,imoves,imoves.com,Leeds,UK,"33 Park Square, Leeds LS1 2PQ",2016,Gillian Reeves,For-Profit,Social Enterprise,10,Medium,Physical Education,Global,"Physical Education, Well-being",Offers a platform with physical activity and well-being resources for schools to integrate movement into the school day.,2011,150000,8,UK, USA, Canada, Australia, New Zealand, South Africa, Ireland, India,,,,,,,,,,,,,,,,,,,,,,,,,,,,,,,,,,,,,,,,,,,,,,,,,,,,,,,,,,,,,,,,,,,,,,,,,,,,,,,,,,,,,,,,,,,,,,,,,,,,,,,,,,,,,,,,,,,,,,,,,,,,,,,,,,,
51,Impact Network eSchool 360 Model,impactnetwork.org,Lusaka,Zambia,"5 Cairo Rd, Lusaka 10101",2014,Impact Network,Non-Profit,NGO,50,Medium,Education Technology,National,"Rural Education, Holistic Approach","Provides a holistic approach to education in rural Zambia, combining technology, local teachers, and community support.",2009,6000,1,Zambia,,,,,,,,,,,,,,,,,,,,,,,,,,,,,,,,,,,,,,,,,,,,,,,,,,,,,,,,,,,,,,,,,,,,,,,,,,,,,,,,,,,,,,,,,,,,,,,,,,,,,,,,,,,,,,,,,,,,,,,,,,,,,,,,,,,,,,,,,,
52,In Their Shoes,intheirshoes.org,San Francisco,USA,"123 Mission St, San Francisco, CA 94105",2016,In Their Shoes Team,Non-Profit,NGO,10,Small,Empathy Education,Global,"Empathy Education, Virtual Reality",Uses immersive storytelling and virtual reality to foster empathy and understanding among students for different life experiences.,2017,85000,4,USA, Canada, UK, Australia,,,,,,,,,,,,,,,,,,,,,,,,,,,,,,,,,,,,,,,,,,,,,,,,,,,,,,,,,,,,,,,,,,,,,,,,,,,,,,,,,,,,,,,,,,,,,,,,,,,,,,,,,,,,,,,,,,,,,,,,,,,,,,,,,,,,,,,
53,Join for Joy,joinforjoy.org,Amsterdam,Netherlands,"100 Herengracht, Amsterdam 1015",2010,Join for Joy Team,Non-Profit,NGO,15,Medium,Sports and Play Education,Regional,"Play Education, Physical Activity",Promotes play and physical activity in rural African schools to improve the overall well-being of children.,2011,529750,5,Kenya, Uganda, Zambia, Malawi, Tanzania,,,,,,,,,,,,,,,,,,,,,,,,,,,,,,,,,,,,,,,,,,,,,,,,,,,,,,,,,,,,,,,,,,,,,,,,,,,,,,,,,,,,,,,,,,,,,,,,,,,,,,,,,,,,,,,,,,,,,,,,,,,,,,,,,,,,,,
54,Juega Conmigo (Come Play with Me from ChildFund),childfund.org,Bogota,Colombia,"200 Carrera 7, Bogota 110221",2015,ChildFund International,Non-Profit,NGO,100,Medium,Early Childhood Development,Regional,"Early Childhood Education, Play-based Learning",Uses play-based learning to support the development and well-being of young children in Latin America.,2019,145087,6,Honduras, Guatemala, El Salvador, Nicaragua, Costa Rica, Panama,,,,,,,,,,,,,,,,,,,,,,,,,,,,,,,,,,,,,,,,,,,,,,,,,,,,,,,,,,,,,,,,,,,,,,,,,,,,,,,,,,,,,,,,,,,,,,,,,,,,,,,,,,,,,,,,,,,,,,,,,,,,,,,,,,,,,
55,Konnect,konnect.org,Lagos,Nigeria,"50 Allen Ave, Lagos 100001",2019,Konnect Team,For-Profit,Social Enterprise,20,Small,Education Technology,Global,"Mentorship, Educational Support",A digital platform that connects students with mentors and resources to support their educational and career aspirations.,2018,2700000,1,USA,,,,,,,,,,,,,,,,,,,,,,,,,,,,,,,,,,,,,,,,,,,,,,,,,,,,,,,,,,,,,,,,,,,,,,,,,,,,,,,,,,,,,,,,,,,,,,,,,,,,,,,,,,,,,,,,,,,,,,,,,,,,,,,,,,,,,,,,,,
56,Labhya Foundation,labhya.org,New Delhi,India,"44 Hauz Khas, New Delhi 110016",2017,Richa Prabhu,Non-Profit,NGO,25,Medium,Social-Emotional Learning,National,"Social-Emotional Learning, Education",Works to integrate social-emotional learning into the Indian public education system to support holistic student development.,2017,2500000,1,India,,,,,,,,,,,,,,,,,,,,,,,,,,,,,,,,,,,,,,,,,,,,,,,,,,,,,,,,,,,,,,,,,,,,,,,,,,,,,,,,,,,,,,,,,,,,,,,,,,,,,,,,,,,,,,,,,,,,,,,,,,,,,,,,,,,,,,,,,,
57,Last Mile Learning,lastmilelearning.org,Nairobi,Kenya,"23 Kenyatta Ave, Nairobi 00100",2015,Last Mile Learning Team,Non-Profit,NGO,10,Small,Education Access,Global,"Open Educational Resources, Literacy",Provides open educational resources and training to underserved communities to improve literacy and workforce readiness.,2022,1680,5,Kenya, Tanzania, Uganda, Rwanda, South Sudan,,,,,,,,,,,,,,,,,,,,,,,,,,,,,,,,,,,,,,,,,,,,,,,,,,,,,,,,,,,,,,,,,,,,,,,,,,,,,,,,,,,,,,,,,,,,,,,,,,,,,,,,,,,,,,,,,,,,,,,,,,,,,,,,,,,,,,
58,Laying the Foundation for Quality Teacher Professional Development: The Teacher Learning Center,teacherlearningcenter.org,Addis Ababa,Ethiopia,"10 Bole Rd, Addis Ababa",2016,The Teacher Learning Center Team,Non-Profit,NGO,15,Medium,Teacher Professional Development,National,"Teacher Development, Professional Learning",Focuses on improving teacher quality through comprehensive professional development programs and resources.,2012,200000,1,USA,,,,,,,,,,,,,,,,,,,,,,,,,,,,,,,,,,,,,,,,,,,,,,,,,,,,,,,,,,,,,,,,,,,,,,,,,,,,,,,,,,,,,,,,,,,,,,,,,,,,,,,,,,,,,,,,,,,,,,,,,,,,,,,,,,,,,,,,,,
59,LEAD Academy,leadacademy.org,Beirut,Lebanon,"56 Hamra St, Beirut 1103",2014,LEAD Academy Team,Non-Profit,NGO,20,Small,Leadership Education,Local,"Leadership Training, Youth Development",Provides leadership training and development programs for young people in a specific community.,2022,78200,13,USA, Canada, UK, Germany, France, Italy, Spain, Portugal, Netherlands, Belgium, Sweden, Norway, Denmark,,,,,,,,,,,,,,,,,,,,,,,,,,,,,,,,,,,,,,,,,,,,,,,,,,,,,,,,,,,,,,,,,,,,,,,,,,,,,,,,,,,,,,,,,,,,,,,,,,,,,,,,,,,,,,,,,,,,,,,,,,,,,,
60,League for Green Leaders,leagueforgreenleaders.org,Sydney,Australia,"100 Pitt St, Sydney NSW 2000",2017,Green Leaders Team,Non-Profit,NGO,10,Medium,Environmental Education,Regional,"Environmental Education, Leadership",Encourages environmental stewardship among young people through leadership programs and sustainability education.,2021,1400,2,Brazil, Argentina,,,,,,,,,,,,,,,,,,,,,,,,,,,,,,,,,,,,,,,,,,,,,,,,,,,,,,,,,,,,,,,,,,,,,,,,,,,,,,,,,,,,,,,,,,,,,,,,,,,,,,,,,,,,,,,,,,,,,,,,,,,,,,,,,,,,,,,,,
61,Learning about Forests (LEAF),learningaboutforests.org,Copenhagen,Denmark,"22 Ã˜ster Voldgade, Copenhagen 1350",2013,Foundation for Environmental Education (FEE),Non-Profit,Foundation,30,Large,Environmental Education,Global,"Environmental Education, Outdoor Learning",Promotes outdoor education and environmental awareness through hands-on learning experiences in forests.,2000,695000,28,USA, Canada, Mexico, Brazil, Argentina, UK, Germany, France, Italy, Spain, Portugal, Netherlands, Belgium, Sweden, Norway, Denmark, Finland, China, India, Japan, South Korea, Australia, New Zealand, South Africa, Nigeria, Kenya, Egypt, UAE,,,,,,,,,,,,,,,,,,,,,,,,,,,,,,,,,,,,,,,,,,,,,,,,,,,,,,,,,,,,,,,,,,,,,,,,,,,,,,,,,,,,,,,,,,,,,,,,,,,,,,,,,,,,,,,
62,Life Skills Collaborative (LSC),lifeskillscollaborative.org,Mumbai,India,"120 Bandra Kurla Complex, Mumbai 400051",2019,Life Skills Collaborative Team,Non-Profit,NGO,30,Medium,Life Skills Education,National,"Life Skills Education, Holistic Development",Works to integrate life skills education into the Indian curriculum to support holistic student development.,2021,320000,1,India,,,,,,,,,,,,,,,,,,,,,,,,,,,,,,,,,,,,,,,,,,,,,,,,,,,,,,,,,,,,,,,,,,,,,,,,,,,,,,,,,,,,,,,,,,,,,,,,,,,,,,,,,,,,,,,,,,,,,,,,,,,,,,,,,,,,,,,,,,
63,LifeVitae,lifevitae.co,Singapore,Singapore,"50 Raffles Place, Singapore 048623",2018,LifeVitae Team,For-Profit,Social Enterprise,20,Medium,Career and Personal Development,Global,"Career Readiness, Skills Development",A digital platform that helps students build and showcase their skills and experiences for career readiness.,2018,25300,4,USA, Canada, UK, Australia,,,,,,,,,,,,,,,,,,,,,,,,,,,,,,,,,,,,,,,,,,,,,,,,,,,,,,,,,,,,,,,,,,,,,,,,,,,,,,,,,,,,,,,,,,,,,,,,,,,,,,,,,,,,,,,,,,,,,,,,,,,,,,,,,,,,,,,
64,LiveBook,livebook.org,Stockholm,Sweden,"33 Kungsgatan, Stockholm 11135",2017,LiveBook Team,For-Profit,Social Enterprise,10,Small,Literacy Education,Global,"Personalized Learning, EdTech",Offers an interactive digital platform that provides real-time feedback and personalized learning experiences.,2021,1000000,1,Global,,,,,,,,,,,,,,,,,,,,,,,,,,,,,,,,,,,,,,,,,,,,,,,,,,,,,,,,,,,,,,,,,,,,,,,,,,,,,,,,,,,,,,,,,,,,,,,,,,,,,,,,,,,,,,,,,,,,,,,,,,,,,,,,,,,,,,,,,,
65,MAGIC BUS INDIA FOUNDATION,magicbus.org,Mumbai,India,"60 Lower Parel, Mumbai 400013",1999,Matthew Spacie,Non-Profit,NGO,150,Large,Youth Development,National,"Sports Education, Life Skills","Uses sports and activity-based curricula to improve education, health, and livelihoods for children and youth in India.",1999,2500000,1,India,,,,,,,,,,,,,,,,,,,,,,,,,,,,,,,,,,,,,,,,,,,,,,,,,,,,,,,,,,,,,,,,,,,,,,,,,,,,,,,,,,,,,,,,,,,,,,,,,,,,,,,,,,,,,,,,,,,,,,,,,,,,,,,,,,,,,,,,,,
66,MakerGhat,makerghat.org,Bangalore,India,"88 MG Road, Bangalore 560001",2018,MakerGhat Team,Non-Profit,NGO,15,Small,Maker Education,Regional,"Maker Education, Entrepreneurship","Provides maker education programs to foster creativity, problem-solving, and entrepreneurial skills in youth.",2018,250000,1,India,,,,,,,,,,,,,,,,,,,,,,,,,,,,,,,,,,,,,,,,,,,,,,,,,,,,,,,,,,,,,,,,,,,,,,,,,,,,,,,,,,,,,,,,,,,,,,,,,,,,,,,,,,,,,,,,,,,,,,,,,,,,,,,,,,,,,,,,,,
67,MuktoPaath,muktopaath.gov.bd,Dhaka,Bangladesh,"120 Gulshan Ave, Dhaka 1212",2015,MuktoPaath Team,Non-Profit,Government,50,Medium,Online Learning,National,"E-learning, Professional Development",An e-learning platform in Bangladesh offering courses for professional and personal development.,2016,2000000,1,Bangladesh,,,,,,,,,,,,,,,,,,,,,,,,,,,,,,,,,,,,,,,,,,,,,,,,,,,,,,,,,,,,,,,,,,,,,,,,,,,,,,,,,,,,,,,,,,,,,,,,,,,,,,,,,,,,,,,,,,,,,,,,,,,,,,,,,,,,,,,,,,
68,Navigated Learning Collaborative powered by Gooru Navigator,gooru.org,Palo Alto,USA,"195 Page Mill Rd, Palo Alto, CA 94306",2017,Gooru,Non-Profit,NGO,30,Medium,Personalized Learning,Global,"Personalized Learning, EdTech",Uses data and technology to personalize learning and support student progress in real-time.,2018,7210000,14,USA, Canada, Mexico, Brazil, Argentina, UK, Germany, France, Italy, Spain, Portugal, Netherlands, Belgium, Sweden,,,,,,,,,,,,,,,,,,,,,,,,,,,,,,,,,,,,,,,,,,,,,,,,,,,,,,,,,,,,,,,,,,,,,,,,,,,,,,,,,,,,,,,,,,,,,,,,,,,,,,,,,,,,,,,,,,,,,,,,,,,,,
69,NFTE World Series of Innovation,nfte.com,New York,USA,"100 Wall St, New York, NY 10005",2008,Network for Teaching Entrepreneurship (NFTE),Non-Profit,NGO,100,Large,Entrepreneurship Education,Global,"Innovation, Youth Entrepreneurship",A global competition that encourages young people to develop innovative solutions to global challenges.,2009,4000,40,USA, Canada, Mexico, Brazil, Argentina, UK, Germany, France, Italy, Spain, Portugal, Netherlands, Belgium, Sweden, Norway, Denmark, Finland, China, India, Japan, South Korea, Australia, New Zealand, South Africa, Nigeria, Kenya, Uganda, Egypt, Morocco, Saudi Arabia, UAE, Turkey, Pakistan, Indonesia, Malaysia, Philippines, Thailand, Vietnam, Singapore, Myanmar,,,,,,,,,,,,,,,,,,,,,,,,,,,,,,,,,,,,,,,,,,,,,,,,,,,,,,,,,,,,,,,,,,,,,,,,,,,,,,,,,,,,,,,,,,,,,,,,,,,
70,NVELE – See you Back in School,nvele.org,Lusaka,Zambia,"10 Independence Ave, Lusaka 10101",2019,NVELE Team,Non-Profit,NGO,15,Small,Education Access,Regional,"Conflict Zones, Education",Supports children in conflict zones to return to school and continue their education.,2019,15000,1,Liberia,,,,,,,,,,,,,,,,,,,,,,,,,,,,,,,,,,,,,,,,,,,,,,,,,,,,,,,,,,,,,,,,,,,,,,,,,,,,,,,,,,,,,,,,,,,,,,,,,,,,,,,,,,,,,,,,,,,,,,,,,,,,,,,,,,,,,,,,,,
71,now>press>play,nowpressplay.co.uk,London,UK,"200 Oxford St, London W1D 1NU",2012,now>press>play Team,For-Profit,Social Enterprise,20,Small,Experiential Learning,Global,"Immersive Learning, Audio Education",Uses immersive audio experiences to engage students in learning across the curriculum.,2012,160000,8,UK, USA, Canada, Australia, New Zealand, South Africa, Ireland, India,,,,,,,,,,,,,,,,,,,,,,,,,,,,,,,,,,,,,,,,,,,,,,,,,,,,,,,,,,,,,,,,,,,,,,,,,,,,,,,,,,,,,,,,,,,,,,,,,,,,,,,,,,,,,,,,,,,,,,,,,,,,,,,,,,,
72,PadHer,padher.org,Nairobi,Kenya,"45 Mombasa Rd, Nairobi 00100",2016,PadHer Team,Non-Profit,NGO,10,Small,Menstrual Health Education,Regional,"Menstrual Education, Hygiene",Works to provide menstrual education and hygiene resources to girls and women in developing countries.,2021,9160,1,Global,,,,,,,,,,,,,,,,,,,,,,,,,,,,,,,,,,,,,,,,,,,,,,,,,,,,,,,,,,,,,,,,,,,,,,,,,,,,,,,,,,,,,,,,,,,,,,,,,,,,,,,,,,,,,,,,,,,,,,,,,,,,,,,,,,,,,,,,,,
73,Partners for Possibility,pfp4sa.org,Johannesburg,South Africa,"120 Rivonia Rd, Johannesburg 2196",2010,Louise van Rhyn,Non-Profit,NGO,50,Large,School Leadership Development,National,"School Leadership, Business Partnership",A South African initiative that partners business leaders with school principals to improve school management and leadership.,2011,1400000,1,South Africa,,,,,,,,,,,,,,,,,,,,,,,,,,,,,,,,,,,,,,,,,,,,,,,,,,,,,,,,,,,,,,,,,,,,,,,,,,,,,,,,,,,,,,,,,,,,,,,,,,,,,,,,,,,,,,,,,,,,,,,,,,,,,,,,,,,,,,,,,,
74,Play Africa,playafrica.org.za,Johannesburg,South Africa,"22 Ernest Oppenheimer Ave, Johannesburg 2025",2014,Play Africa Team,Non-Profit,NGO,25,Medium,Play-Based Learning,Regional,Play,Creates play-based learning environments and programs to promote childhood development in South Africa.,2014,90000,1,South Africa,,,,,,,,,,,,,,,,,,,,,,,,,,,,,,,,,,,,,,,,,,,,,,,,,,,,,,,,,,,,,,,,,,,,,,,,,,,,,,,,,,,,,,,,,,,,,,,,,,,,,,,,,,,,,,,,,,,,,,,,,,,,,,,,,,,,,,,,,,
75,Processoriented child monitoring (POM),pom.org,Amsterdam,Netherlands,"78 Damrak, Amsterdam 1012",2016,POM Team,Non-Profit,NGO,10,Small,Child Development Monitoring,Global,"Child Development, Monitoring",Offers tools and methodologies for monitoring and supporting the development of young children.,2016,98700,1,Finland,,,,,,,,,,,,,,,,,,,,,,,,,,,,,,,,,,,,,,,,,,,,,,,,,,,,,,,,,,,,,,,,,,,,,,,,,,,,,,,,,,,,,,,,,,,,,,,,,,,,,,,,,,,,,,,,,,,,,,,,,,,,,,,,,,,,,,,,,,
76,Protsahan Girl Champions Program,protsahan.co.in,New Delhi,India,"33 Saket, New Delhi 110017",2011,Protsahan Team,Non-Profit,NGO,25,Medium,Girls' Empowerment,National,"Girls' Education, Social Justice","Empowers at-risk girls in India through education, arts, and social justice programs.",2010,90000,1,India,,,,,,,,,,,,,,,,,,,,,,,,,,,,,,,,,,,,,,,,,,,,,,,,,,,,,,,,,,,,,,,,,,,,,,,,,,,,,,,,,,,,,,,,,,,,,,,,,,,,,,,,,,,,,,,,,,,,,,,,,,,,,,,,,,,,,,,,,,
77,Qridi A Digital Platform for Formative Assessment,qridi.com,Helsinki,Finland,"88 ItÃ¤merenkatu, Helsinki 00180",2015,Qridi Team,For-Profit,Social Enterprise,20,Medium,Education Technology,Global,"Formative Assessment, EdTech",Provides digital tools to support formative assessment and personalized learning in classrooms.,2015,85000,14,Finland, USA, Canada, UK, Australia, New Zealand, South Africa, Sweden, Norway, Denmark, Germany, France, Italy, Spain,,,,,,,,,,,,,,,,,,,,,,,,,,,,,,,,,,,,,,,,,,,,,,,,,,,,,,,,,,,,,,,,,,,,,,,,,,,,,,,,,,,,,,,,,,,,,,,,,,,,,,,,,,,,,,,,,,,,,,,,,,,,,
78,Rangeet,rangeet.org,Kolkata,India,"45 Park St, Kolkata 700016",2017,Rangeet Team,For-Profit,Social Enterprise,15,Small,Social-Emotional Learning,Global,"Environmental Education, Gamification",Uses gamified content to teach children about environmental sustainability and social responsibility.,2018,60000,3,India, Bangladesh, Nepal,,,,,,,,,,,,,,,,,,,,,,,,,,,,,,,,,,,,,,,,,,,,,,,,,,,,,,,,,,,,,,,,,,,,,,,,,,,,,,,,,,,,,,,,,,,,,,,,,,,,,,,,,,,,,,,,,,,,,,,,,,,,,,,,,,,,,,,,
79,Reflective Learning,reflectivelearning.org,Cape Town,South Africa,"15 Kloof St, Cape Town 8001",2016,Reflective Learning Team,Non-Profit,NGO,10,Medium,Personalized Learning,Global,"Personalized Learning, EdTech",Offers a platform that uses data and analytics to provide personalized learning experiences for students.,2017,50000,3,South Africa, Kenya, Nigeria,,,,,,,,,,,,,,,,,,,,,,,,,,,,,,,,,,,,,,,,,,,,,,,,,,,,,,,,,,,,,,,,,,,,,,,,,,,,,,,,,,,,,,,,,,,,,,,,,,,,,,,,,,,,,,,,,,,,,,,,,,,,,,,,,,,,,,,,
80,Room to Read,roomtoread.org,San Francisco,USA,"465 California St, San Francisco, CA 94104",2000,John Wood,Non-Profit,NGO,200,Large,Literacy and Gender Equality in Education,Global,"Literacy, Gender Equality",Focuses on improving literacy and gender equality in education in low-income communities around the world.,2000,39900000,23,Bangladesh, Cambodia, India, Laos, Nepal, Sri Lanka, Tanzania, Vietnam, Zambia, Myanmar, Jordan, Lebanon, Mozambique, Rwanda, South Africa, Indonesia, Ethiopia, Sierra Leone, Malawi, Philippines, Thailand, Uganda, Kenya,,,,,,,,,,,,,,,,,,,,,,,,,,,,,,,,,,,,,,,,,,,,,,,,,,,,,,,,,,,,,,,,,,,,,,,,,,,,,,,,,,,,,,,,,,,,,,,,,,,,,,,,,,,,,,,,,,,,
81,Rori,rori.org,Madrid,Spain,"123 Paseo de la Castellana, Madrid 28046",2018,Rori Team,For-Profit,Social Enterprise,10,Small,Emotional Well-being,Regional,"Holistic Education, Child Development",Provides educational content and resources to support the holistic development of children in Latin America.,2021,45000,7,Peru, Mexico, Colombia, Argentina, Brazil, Chile, Uruguay,,,,,,,,,,,,,,,,,,,,,,,,,,,,,,,,,,,,,,,,,,,,,,,,,,,,,,,,,,,,,,,,,,,,,,,,,,,,,,,,,,,,,,,,,,,,,,,,,,,,,,,,,,,,,,,,,,,,,,,,,,,,,,,,,,,,
82,Sapieduca,sapieduca.org,Lima,Peru,"33 Av. Arequipa, Lima 15001",2015,Sapieduca Team,Non-Profit,NGO,10,Medium,Cognitive Development,Regional,"Educational Innovation, Learning Development",Focuses on innovative educational practices and programs to support learning and development in Latin America.,2018,1500,1,Argentina,,,,,,,,,,,,,,,,,,,,,,,,,,,,,,,,,,,,,,,,,,,,,,,,,,,,,,,,,,,,,,,,,,,,,,,,,,,,,,,,,,,,,,,,,,,,,,,,,,,,,,,,,,,,,,,,,,,,,,,,,,,,,,,,,,,,,,,,,,
83,SEL Kernels of Practice,selkernels.org,Boston,USA,"55 Charles St, Boston, MA 02114",2017,Harvard University,Academic Institution,Educational Institution,5000,Medium,Social-Emotional Learning,National,"Social-Emotional Learning, Education",Develops and disseminates best practices for social-emotional learning in schools.,2015,10000,12,USA, Canada, Mexico, Brazil, Argentina, UK, Germany, France, Italy, Spain, Portugal, Netherlands,,,,,,,,,,,,,,,,,,,,,,,,,,,,,,,,,,,,,,,,,,,,,,,,,,,,,,,,,,,,,,,,,,,,,,,,,,,,,,,,,,,,,,,,,,,,,,,,,,,,,,,,,,,,,,,,,,,,,,,,,,,,,,,
84,Shupavu291,shupavu291.co.ke,Nairobi,Kenya,"123 Kenyatta Ave, Nairobi 00100",2016,Eneza Education,For-Profit,Social Enterprise,50,Medium,E-Learning,National,"Mobile Learning, EdTech",An SMS-based learning platform that provides educational content and support to students in Kenya.,2011,1220000,3,Kenya, Tanzania, Uganda,,,,,,,,,,,,,,,,,,,,,,,,,,,,,,,,,,,,,,,,,,,,,,,,,,,,,,,,,,,,,,,,,,,,,,,,,,,,,,,,,,,,,,,,,,,,,,,,,,,,,,,,,,,,,,,,,,,,,,,,,,,,,,,,,,,,,,,,
85,Skalo,skalo.org,Zurich,Switzerland,"22 Bahnhofstrasse, Zurich 8001",2018,Skalo Team,For-Profit,Social Enterprise,20,Medium,Education Technology,Global,"Skills Assessment, EdTech",Provides a platform for assessing and developing student skills through interactive and personalized learning experiences.,2021,2500,1,Global,,,,,,,,,,,,,,,,,,,,,,,,,,,,,,,,,,,,,,,,,,,,,,,,,,,,,,,,,,,,,,,,,,,,,,,,,,,,,,,,,,,,,,,,,,,,,,,,,,,,,,,,,,,,,,,,,,,,,,,,,,,,,,,,,,,,,,,,,,
86,Special Olympics Unified Champion Schools,specialolympics.org,Washington D.C.,USA,"1133 19th St NW, Washington D.C. 20036",2008,Special Olympics International,Non-Profit,NGO,300,Large,Inclusive Education,National,"Inclusive Education, Sports",Promotes social inclusion and respect through sports and education in schools.,2008,1000000,36,USA, Canada, Mexico, Brazil, Argentina, UK, Germany, France, Italy, Spain, Portugal, Netherlands, Belgium, Sweden, Norway, Denmark, Finland, China, India, Japan, South Korea, Australia, New Zealand, South Africa, Nigeria, Kenya, Uganda, Egypt, Morocco, Saudi Arabia, UAE, Turkey, Pakistan, Indonesia, Malaysia, Philippines,,,,,,,,,,,,,,,,,,,,,,,,,,,,,,,,,,,,,,,,,,,,,,,,,,,,,,,,,,,,,,,,,,,,,,,,,,,,,,,,,,,,,,,,,,,,,,,,,,,,,,,
87,Story Arts,storyarts.org,Melbourne,Australia,"200 Collins St, Melbourne VIC 3000",2016,Story Arts Team,Non-Profit,NGO,10,Small,Arts Education,Global,"Literacy, Storytelling",Uses storytelling to develop literacy and communication skills in children.,2021,25000,9,USA, Canada, UK, Australia, New Zealand, Ireland, India, South Africa, Singapore,,,,,,,,,,,,,,,,,,,,,,,,,,,,,,,,,,,,,,,,,,,,,,,,,,,,,,,,,,,,,,,,,,,,,,,,,,,,,,,,,,,,,,,,,,,,,,,,,,,,,,,,,,,,,,,,,,,,,,,,,,,,,,,,,,
88,Story Xperiential,storyxperiential.com,San Francisco,USA,"789 Mission St, San Francisco, CA 94103",2017,Story Xperiential Team,Non-Profit,NGO,10,Medium,Creativity and Storytelling,Global,"Creativity, Immersive Learning",Offers immersive storytelling experiences to foster creativity and empathy among students.,2021,10000,20,USA, Canada, UK, Australia, New Zealand, South Africa, Germany, France, Italy, Spain, Portugal, Netherlands, Belgium, Sweden, Norway, Denmark, Finland, Japan, China, India,,,,,,,,,,,,,,,,,,,,,,,,,,,,,,,,,,,,,,,,,,,,,,,,,,,,,,,,,,,,,,,,,,,,,,,,,,,,,,,,,,,,,,,,,,,,,,,,,,,,,,,,,,,,,,,,,,,,,,,
89,Street Racket,streetracket.com,Zurich,Switzerland,"88 Limmatquai, Zurich 8001",2015,Marcel Straub,Non-Profit,NGO,10,Small,Physical Education,Global,"Physical Education, Social Interaction","Promotes physical activity and social interaction through a simple, accessible racket sport.",2017,1000000,1,Global,,,,,,,,,,,,,,,,,,,,,,,,,,,,,,,,,,,,,,,,,,,,,,,,,,,,,,,,,,,,,,,,,,,,,,,,,,,,,,,,,,,,,,,,,,,,,,,,,,,,,,,,,,,,,,,,,,,,,,,,,,,,,,,,,,,,,,,,,,
90,Swarmob,swarmob.org,Rio de Janeiro,Brazil,"200 Av. AtlÃ¢ntica, Rio de Janeiro 22021",2018,Swarmob Team,Non-Profit,NGO,15,Medium,Collaborative Learning,Regional,"Collaborative Learning, Social Innovation",Encourages collaborative learning and social innovation through interactive educational programs.,2017,11900,4,Chile, Argentina, Brazil, Colombia,,,,,,,,,,,,,,,,,,,,,,,,,,,,,,,,,,,,,,,,,,,,,,,,,,,,,,,,,,,,,,,,,,,,,,,,,,,,,,,,,,,,,,,,,,,,,,,,,,,,,,,,,,,,,,,,,,,,,,,,,,,,,,,,,,,,,,,
91,Teachease,teachease.org,London,UK,"78 Regent St, London W1B 5RL",2019,Teachease Team,For-Profit,Social Enterprise,20,Medium,Teacher Support,Global,"Teacher Resources, EdTech",Provides digital tools and resources to support teachers in creating effective learning environments.,2017,150000,8,USA, Canada, UK, Australia, New Zealand, Ireland, South Africa, India,,,,,,,,,,,,,,,,,,,,,,,,,,,,,,,,,,,,,,,,,,,,,,,,,,,,,,,,,,,,,,,,,,,,,,,,,,,,,,,,,,,,,,,,,,,,,,,,,,,,,,,,,,,,,,,,,,,,,,,,,,,,,,,,,,,
92,Technovation,technovation.org,San Francisco,USA,"123 Market St, San Francisco, CA 94103",2010,Tara Chklovski,Non-Profit,NGO,50,Large,Technology and Entrepreneurship Education,Global,"Technology Education, Girls' Empowerment",A global technology education nonprofit that empowers girls to become leaders through tech entrepreneurship programs.,2006,130000,1,Global,,,,,,,,,,,,,,,,,,,,,,,,,,,,,,,,,,,,,,,,,,,,,,,,,,,,,,,,,,,,,,,,,,,,,,,,,,,,,,,,,,,,,,,,,,,,,,,,,,,,,,,,,,,,,,,,,,,,,,,,,,,,,,,,,,,,,,,,,,
93,Tekwill in Every School Program,tekwill.md,Chisinau,Moldova,"33 Stefan cel Mare Blvd, Chisinau 2001",2018,Tekwill Team,Non-Profit,NGO,30,Medium,Technology Education,National,"Digital Skills, Education",Promotes digital skills and technology education in schools across Moldova.,2018,50000,1,Moldova,,,,,,,,,,,,,,,,,,,,,,,,,,,,,,,,,,,,,,,,,,,,,,,,,,,,,,,,,,,,,,,,,,,,,,,,,,,,,,,,,,,,,,,,,,,,,,,,,,,,,,,,,,,,,,,,,,,,,,,,,,,,,,,,,,,,,,,,,,
94,The B!G Idea,thebigidea.org,Dublin,Ireland,"100 St Stephen's Green, Dublin 2",2017,The B!G Idea Team,Non-Profit,NGO,10,Medium,Creative Problem-Solving,National,"Creative Education, Problem-solving",Encourages creative thinking and problem-solving skills among students through design-based learning projects.,2020,6500,2,Ireland, UK,,,,,,,,,,,,,,,,,,,,,,,,,,,,,,,,,,,,,,,,,,,,,,,,,,,,,,,,,,,,,,,,,,,,,,,,,,,,,,,,,,,,,,,,,,,,,,,,,,,,,,,,,,,,,,,,,,,,,,,,,,,,,,,,,,,,,,,,,
95,The Billion Readers (BIRD) Initiative,birdinitiative.org,New Delhi,India,"22 Connaught Place, New Delhi 110001",2016,BIRD Initiative Team,Non-Profit,NGO,10,Medium,Literacy Education,Global,"Literacy, Digital Reading",Aims to improve literacy rates globally by providing access to digital reading materials and literacy programs.,2004,200000000,1,Global,,,,,,,,,,,,,,,,,,,,,,,,,,,,,,,,,,,,,,,,,,,,,,,,,,,,,,,,,,,,,,,,,,,,,,,,,,,,,,,,,,,,,,,,,,,,,,,,,,,,,,,,,,,,,,,,,,,,,,,,,,,,,,,,,,,,,,,,,,
96,TUMO Center for Creative Technologies,tumo.org,Yerevan,Armenia,"16 Halabyan St, Yerevan 0038",2011,Marie Lou Papazian,Non-Profit,NGO,100,Large,Creative Education,National,"Creative Technologies, Youth Education","Offers free, after-school education in creative technologies to teenagers in Armenia.",2011,20000,9,Armenia, France, Germany, Lebanon, Russia, Ukraine, Albania, Spain, Italy,,,,,,,,,,,,,,,,,,,,,,,,,,,,,,,,,,,,,,,,,,,,,,,,,,,,,,,,,,,,,,,,,,,,,,,,,,,,,,,,,,,,,,,,,,,,,,,,,,,,,,,,,,,,,,,,,,,,,,,,,,,,,,,,,,
97,Twin Science & Robotics,twinscience.com,Istanbul,Turkey,"33 Taksim Square, Istanbul 34435",2017,Twin Science Team,For-Profit,Social Enterprise,20,Medium,STEM Education,Global,"STEM Education, Robotics",Provides interactive science and robotics kits to inspire curiosity and STEM skills in children.,2018,1500000,1,Global,,,,,,,,,,,,,,,,,,,,,,,,,,,,,,,,,,,,,,,,,,,,,,,,,,,,,,,,,,,,,,,,,,,,,,,,,,,,,,,,,,,,,,,,,,,,,,,,,,,,,,,,,,,,,,,,,,,,,,,,,,,,,,,,,,,,,,,,,,
98,Ubongo,ubongo.org,Dar es Salaam,Tanzania,"12 Sokoine Dr, Dar es Salaam 11101",2013,Ubongo Team,Non-Profit,NGO,50,Large,Educational Media,Global,"Educational Media, Child Education",Creates educational cartoons and radio programs to make learning fun and accessible for children in Africa.,2013,17000000,41,Tanzania, Kenya, Uganda, Rwanda, Burundi, DR Congo, Malawi, Mozambique, Zambia, Zimbabwe, Botswana, Namibia, Angola, South Africa, Lesotho, Eswatini, Ghana, Nigeria, Cameroon, Ethiopia, Sudan, South Sudan, Egypt, Morocco, Tunisia, Libya, Algeria, Senegal, Ivory Coast, Burkina Faso, Mali, Niger, Chad, Mauritania, Gambia, Guinea-Bissau, Guinea, Sierra Leone, Liberia, Togo, Benin,,,,,,,,,,,,,,,,,,,,,,,,,,,,,,,,,,,,,,,,,,,,,,,,,,,,,,,,,,,,,,,,,,,,,,,,,,,,,,,,,,,,,,,,,,,,,,,,,,
99,50/100 Menstrual ED,menstrualed.org,Kampala,Uganda,"10 Jinja Rd, Kampala 256",2018,Menstrual ED Team,Non-Profit,NGO,10,Small,Menstrual Health Education,Regional,"Menstrual Education, Health",Provides education and resources on menstrual health and hygiene to girls and women in underserved communities.,2019,300000,6,Kenya, Uganda, Tanzania, Rwanda, Burundi, South Sudan,,,,,,,,,,,,,,,,,,,,,,,,,,,,,,,,,,,,,,,,,,,,,,,,,,,,,,,,,,,,,,,,,,,,,,,,,,,,,,,,,,,,,,,,,,,,,,,,,,,,,,,,,,,,,,,,,,,,,,,,,,,,,,,,,,,,,
100,WOOF,woof.org,London,UK,"200 Baker St, London NW1",2015,WOOF Team,For-Profit,Social Enterprise,15,Medium,Animal-Assisted Education,Global,"Animal Welfare, Empathy Education",Uses gamification and interactive learning tools to teach children about animal welfare and empathy.,2018,30000,1,Global,,,,,,,,,,,,,,,,,,,,,,,,,,,,,,,,,,,,,,,,,,,,,,,,,,,,,,,,,,,,,,,,,,,,,,,,,,,,,,,,,,,,,,,,,,,,,,,,,,,,,,,,,,,,,,,,,,,,,,,,,,,,,,,,,,,,,,,,,,
